Category,Company Name,Address,Street Address,City,State,Zip,Mobile Number,Website Address,Email,Reviews Average,Count Of Review
%u516C%u5171%u885B%u751F%u90E8%u9580,%u9E9F%u6D1B%u9109%u885B%u751F%u6240,,,,,,,,,,6
%u653F%u5E9C%u8FA6%u4E8B%u8655,%u5C4F%u6771%u7E23%u653F%u5E9C%u885B%u751F%u5C40,,,,,,,,,,21
%u516C%u5171%u885B%u751F%u90E8%u9580,%u5C4F%u6771%u5E02%u885B%u751F%u6240,,,,,,,,,,10
%u516C%u5171%u885B%u751F%u90E8%u9580,%u9AD8%u96C4%u5E02%u653F%u5E9C %u885B%u751F%u5C40,,,,,,,,,,101
%u516C%u5171%u885B%u751F%u90E8%u9580,%u5167%u57D4%u9109%u885B%u751F%u6240,,,,,,,,,,5
%u516C%u5171%u885B%u751F%u90E8%u9580,%u9577%u6CBB%u9109%u885B%u751F%u6240,,,,,,,,,,4
%u505C%u8ECA%u5834,%u885B%u751F%u5C40%u505C%u8ECA%u5834,,,,,,,,,,12
%u516C%u5171%u885B%u751F%u90E8%u9580,%u5927%u5BEE%u5340%u885B%u751F%u6240,,,,,,,,,,9
%u516C%u5171%u885B%u751F%u90E8%u9580,%u6F6E%u5DDE%u93AE%u885B%u751F%u6240,,,,,,,,,,9
%u516C%u5171%u885B%u751F%u90E8%u9580,%u842C%u4E39%u9109%u885B%u751F%u6240,,,,,,,,,,4
%u516C%u5171%u885B%u751F%u90E8%u9580,%u7AF9%u7530%u9109%u885B%u751F%u6240,,,,,,,,,,1
%u516C%u5171%u885B%u751F%u90E8%u9580,%u9AD8%u96C4%u5E02%u9CF3%u5C71%u5340%u885B%u751F%u6240,,,,,,,,,,14
%u516C%u5171%u885B%u751F%u90E8%u9580,%u842C%u5DD2%u9109%u885B%u751F%u6240,,,,,,,,,,3
%u653F%u5E9C%u8FA6%u4E8B%u8655,%u9AD8%u96C4%u5E02%u653F%u5E9C%u75BE%u75C5%u7BA1%u5236%u8655KCDC,,,,,,,,,,3
%u653F%u5E9C%u8FA6%u4E8B%u8655,%u885B%u751F%u798F%u5229%u90E8%u75BE%u75C5%u7BA1%u5236%u7F72%u9AD8%u5C4F%u5340%u7BA1%u5236%u4E2D%u5FC3,,,,,,,,,,5
%u653F%u5E9C%u8FA6%u4E8B%u8655,%u9AD8%u96C4%u5E02%u65B0%u8208%u885B%u751F%u6240,,,,,,,,,,6
%u516C%u5171%u885B%u751F%u90E8%u9580,%u5C0F%u6E2F%u5340%u885B%u751F%u6240,,,,,,,,,,2
%u516C%u5171%u885B%u751F%u90E8%u9580,%u5DE6%u71DF%u5340%u885B%u751F%u6240,,,,,,,,,,11
%u516C%u5171%u885B%u751F%u90E8%u9580,%u9CE5%u677E%u5340%u885B%u751F%u6240,,,,,,,,,,4
%u516C%u5171%u91AB%u7642%u4E2D%u5FC3,%u9AD8%u96C4%u5E02%u6025%u96E3%u91AB%u7642%u7AD9-%u885B%u751F%u5C40%u5206%u7AD9,,,,,,,,,,
%u516C%u5171%u885B%u751F%u90E8%u9580,%u9CE5%u677E%u5340%u885B%u751F%u6240,,,,,,,,,,4
%u516C%u5171%u885B%u751F%u90E8%u9580,%u9577%u6CBB%u9109%u885B%u751F%u6240,,,,,,,,,,4
%u516C%u5171%u885B%u751F%u90E8%u9580,%u9F13%u5C71%u5340%u885B%u751F%u6240,,,,,,,,,,8
%u516C%u5171%u885B%u751F%u90E8%u9580,%u7AF9%u7530%u9109%u885B%u751F%u6240,,,,,,,,,,1
%u505C%u8ECA%u5834,%u885B%u751F%u5C40%u505C%u8ECA%u5834,,,,,,,,,,12
%u516C%u5171%u885B%u751F%u90E8%u9580,%u9AD8%u96C4%u5E02%u4E09%u6C11%u5340%u885B%u751F%u6240,,,,,,,,,,12
%u516C%u5171%u885B%u751F%u90E8%u9580,%u842C%u5DD2%u9109%u885B%u751F%u6240,,,,,,,,,,3
%u516C%u5171%u885B%u751F%u90E8%u9580,%u65B0%u5712%u9109%u885B%u751F%u6240,,,,,,,,,,2
%u4FDD%u5065,%u9AD8%u96C4%u5E02%u82D3%u96C5%u5340%u885B%u751F%u6240,,,,,,,,,,4
%u516C%u5171%u885B%u751F%u90E8%u9580,%u4E5D%u5982%u9109%u885B%u751F%u6240,,,,,,,,,,1
%u5927%u773E%u904B%u8F38%u7AD9,%u885B%u751F%u5C40%u7AD9,,,,,,,,,,1
%u516C%u5171%u885B%u751F%u90E8%u9580,%u5D01%u9802%u9109%u885B%u751F%u6240,,,,,,,,,,3
%u516C%u5171%u885B%u751F%u90E8%u9580,%u5C4F%u6771%u7E23%u4F86%u7FA9%u9109%u885B%u751F%u6240,,,,,,,,,,11
%u653F%u5E9C%u8FA6%u4E8B%u8655,%u4E2D%u592E%u5065%u5EB7%u4FDD%u96AA%u7F72%u9AD8%u5C4F%u696D%u52D9%u7D44,,,,,,,,,,226
,%u9AD8%u96C4%u5E02%u653F%u5E9C%u885B%u751F%u5C40%u9577%u671F%u7167%u8B77%u4E2D%u5FC3%u50B3%u771F,,,,,,,,,,
%u516C%u5171%u885B%u751F%u90E8%u9580,%u746A%u5BB6%u9109%u885B%u751F%u6240,,,,,,,,,,1
%u516C%u5171%u885B%u751F%u90E8%u9580,%u5CA1%u5C71%u5340%u885B%u751F%u6240,,,,,,,,,,14
%u516C%u5171%u885B%u751F%u90E8%u9580,%u6CF0%u6B66%u9109%u885B%u751F%u6240,,,,,,,,,,5
%u516C%u5171%u885B%u751F%u90E8%u9580,%u71D5%u5DE2%u5340%u885B%u751F%u6240,,,,,,,,,,5
%u516C%u5171%u885B%u751F%u90E8%u9580,%u6A4B%u982D%u5340%u885B%u751F%u6240,,,,,,,,,,7
%u653F%u5E9C%u8FA6%u4E8B%u8655,%u9AD8%u96C4%u5E02%u65B0%u8208%u885B%u751F%u6240%u9E7D%u57D5%u885B%u751F%u7AD9,,,,,,,,,,1
%u516C%u5171%u91AB%u7642%u4E2D%u5FC3,%u4E09%u5730%u9580%u9109%u885B%u751F%u6240,,,,,,,,,,2
%u7CBE%u795E%u79D1%u91AB%u751F,%u5C4F%u6771%u7E23%u793E%u5340%u5FC3%u7406%u885B%u751F%u4E2D%u5FC3,,,,,,,,,,1
%u516C%u5171%u885B%u751F%u90E8%u9580,%u9E7D%u57D4%u9109%u885B%u751F%u6240,,,,,,,,,,5
%u8DEF%u9762%u96FB%u8ECA%u505C%u9760%u7AD9,%u8F15%u8ECC%u885B%u751F%u5C40%u7AD9,,,,,,,,,,15
%u7D9C%u5408%u91AB%u9662,%u885B%u751F%u798F%u5229%u90E8%u5C4F%u6771%u91AB%u9662,,,,,,,,,,196
%u516C%u5171%u885B%u751F%u90E8%u9580,%u5F4C%u9640%u5340%u885B%u751F%u6240,,,,,,,,,,2
%u516C%u8ECA%u7AD9,%u885B%u751F%u6240,,,,,,,,,,
%u516C%u5171%u885B%u751F%u90E8%u9580,%u91CC%u6E2F%u9109%u885B%u751F%u6240,,,,,,,,,,1
%u516C%u5171%u885B%u751F%u90E8%u9580,%u5357%u5DDE%u9109%u885B%u751F%u6240,,,,,,,,,,4
%u5065%u5EB7%u9867%u554F,%u5B89%u51DD%u5C45%u5BB6%u9577%u7167%u6A5F%u69CB/%u9AD8%u96C4%u5E02%u885B%u751F%u5C40%u7279%u7D04%u55AE%u4F4D,,,,,,,,,,6
%u516C%u5171%u885B%u751F%u90E8%u9580,%u6771%u6E2F%u93AE%u885B%u751F%u6240,,,,,,,,,,7
%u516C%u5171%u885B%u751F%u90E8%u9580,%u9AD8%u96C4%u5E02%u5927%u6A39%u5340%u885B%u751F%u6240,,,,,,,,,,
%u516C%u5171%u885B%u751F%u90E8%u9580,%u6893%u5B98%u5340%u885B%u751F%u6240,,,,,,,,,,5
%u516C%u5171%u885B%u751F%u90E8%u9580,%u5C4F%u6771%u7E23%u65B0%u57E4%u9109%u885B%u751F%u6240,,,,,,,,,,3
%u516C%u5171%u885B%u751F%u90E8%u9580,%u81FA%u5357%u5E02%u653F%u5E9C%u885B%u751F%u5C40%u6797%u68EE%u8FA6%u516C%u5BA4,,,,,,,,,,33
%u516C%u5171%u91AB%u7642%u4E2D%u5FC3,%u9AD8%u96C4%u5E02%u6025%u96E3%u91AB%u7642%u7AD9-%u5927%u793E%u5340%u885B%u751F%u6240%u5206%u7AD9,,,,,,,,,,6
%u516C%u5171%u91AB%u7642%u4E2D%u5FC3,%u9AD8%u96C4%u5E02%u9AD8%u9F61%u6574%u5408%u9577%u671F%u7167%u8B77%u4E2D%u5FC3,,,,,,,,,,8
%u516C%u8ECA%u7AD9,%u8F15%u8ECC%u885B%u751F%u5C40%u7AD9(%u51F1%u65CB%u91AB%u9662),,,,,,,,,,1
%u516C%u5171%u91AB%u7642%u4E2D%u5FC3,%u9AD8%u96C4%u5E02%u6025%u96E3%u91AB%u7642%u7AD9-%u82D3%u96C5%u5340%u885B%u751F%u6240%u5206%u7AD9,,,,,,,,,,
%u7642%u990A%u9662,%u885B%u751F%u798F%u5229%u90E8%u5357%u5340%u8001%u4EBA%u4E4B%u5BB6,,,,,,,,,,22
%u516C%u5171%u91AB%u7642%u4E2D%u5FC3,%u9AD8%u96C4%u5E02%u6025%u96E3%u91AB%u7642%u7AD9-%u4EC1%u6B66%u5340%u885B%u751F%u6240%u5206%u7AD9,,,,,,,,,,7
%u5C45%u5BB6%u670D%u52D9,%u7409%u7483%u5149%u5C45%u5BB6%u9577%u7167%u6A5F%u69CB%uFF08%u9AD8%u96C4%u5E02%u653F%u5E9C%u885B%u751F%u5C40%u7279%u7D04%u5C45%u5BB6%u9577%u7167%u670D%u52D9%u6A5F%u69CB%uFF09%uFF0D%u9577%u7167%u5C45%u5BB6%u670D%u52D9%u3001%u9AD8%u96C4%u5C45%u5BB6%u670D%u52D9%u3001%u9AD8%u96C4%u5C45%u5BB6%u770B%u8B77,,,,,,,,,,2
%u91AB%u9662,%u65D7%u6D25%u5340%u885B%u751F%u6240,,,,,,,,,,2
%u516C%u5171%u885B%u751F%u90E8%u9580,%u5167%u9580%u5340%u885B%u751F%u6240,,,,,,,,,,6
%u516C%u5171%u885B%u751F%u90E8%u9580,%u8DEF%u7AF9%u5340%u885B%u751F%u6240,,,,,,,,,,5
%u4E2D%u592E%u653F%u5E9C%u90E8%u9580,%u4E2D%u592E%u5065%u5EB7%u4FDD%u96AA%u7F72%u9AD8%u5C4F%u696D%u52D9%u7D44%u5C4F%u6771%u806F%u7D61%u8FA6%u516C%u5BA4,,,,,,,,,,42
%u516C%u5171%u91AB%u7642%u4E2D%u5FC3,%u9AD8%u96C4%u5E02%u6025%u96E3%u91AB%u7642%u7AD9-%u5CA1%u5C71%u5340%u885B%u751F%u6240%u5206%u7AD9,,,,,,,,,,
%u516C%u8ECA%u7AD9,%u8F15%u8ECC%u885B%u751F%u5C40%u7AD9(%u51F1%u65CB%u4E8C%u8DEF),,,,,,,,,,2
%u653F%u5E9C%u8FA6%u4E8B%u8655,%u9AD8%u96C4%u5E02%u653F%u5E9C%u885B%u751F%u5C40%u9577%u671F%u7167%u9867%u4E2D%u5FC3%u6C38%u5B89%u5340%u5206%u7AD9,,,,,,,,,,
%u516C%u5171%u885B%u751F%u90E8%u9580,%u65D7%u5C71%u5340%u885B%u751F%u6240,,,,,,,,,,4
%u516C%u5171%u885B%u751F%u90E8%u9580,%u9727%u53F0%u9109%u885B%u751F%u6240,,,,,,,,,,4
%u516C%u5171%u885B%u751F%u90E8%u9580,%u6797%u908A%u9109%u885B%u751F%u6240,,,,,,,,,,1
%u516C%u5171%u885B%u751F%u90E8%u9580,%u7F8E%u6FC3%u5340%u885B%u751F%u6240,,,,,,,,,,6
%u516C%u5171%u885B%u751F%u90E8%u9580,%u53F0%u6771%u7E23%u885B%u751F%u5C40,,,,,,,,,,4
%u516C%u5171%u885B%u751F%u90E8%u9580,%u4F73%u51AC%u9109%u885B%u751F%u6240,,,,,,,,,,1
%u516C%u5171%u885B%u751F%u90E8%u9580,%u9AD8%u96C4%u5E02%u963F%u84EE%u5340%u885B%u751F%u6240,,,,,,,,,,7
%u516C%u5171%u885B%u751F%u90E8%u9580,%u6E56%u5167%u5340%u885B%u751F%u6240,,,,,,,,,,
%u653F%u5E9C%u8FA6%u4E8B%u8655,%u52DE%u52D5%u90E8%u8077%u696D%u5B89%u5168%u885B%u751F%u7F72%u5357%u5340%u8077%u696D%u5B89%u5168%u885B%u751F%u4E2D%u5FC3,,,,,,,,,,4
%u4FDD%u5065,%u6C38%u5B89%u5340%u885B%u751F%u6240,,,,,,,,,,9
%u5730%u65B9%u653F%u5E9C%u6A5F%u69CB,%u9AD8%u96C4%u5E02%u653F%u5E9C%u6C11%u653F%u5C40,,,,,,,,,,4
%u516C%u5171%u885B%u751F%u90E8%u9580,%u8302%u6797%u5340%u885B%u751F%u6240,,,,,,,,,,6
%u516C%u8ECA%u7AD9,%u56DB%u7DAD%u8DEF%u53E3,,,,,,,,,,2